avg_log_likelihood,perplexity
-0.35432145038890417,1.4252132482067914
