avg_log_likelihood,perplexity
-0.35432124873089893,1.4252129608011597
