log_likelihood,avg_log_likelihood,perplexity
-80.43091583251953,-0.35432121512123144,1.425212912900227
