log_likelihood,avg_log_likelihood,perplexity
-2.6655731201171875,-2.6655731201171875,14.37618637084961
-2.2828269004821777,-2.2828269004821777,9.804356575012207
