log_likelihood,avg_log_likelihood,perplexity
-123.57637425325811,-2.62928455857996,13.863847582332331
-29.732063239440322,-1.9821375492960214,7.258241263596166
