mutation,score
S1V,-4.916697025299072
K2A,-0.12589561939239502
wt,0.0
