mutation,score
S1V,-4.916697978973389
K2A,-0.12589550018310547
wt,0.0
