mutation,score
S1V,-4.916694641113281
K2A,-0.1258946657180786
wt,0.0
