mutation,score
S1V,-4.916698455810547
K2A,-0.12589538097381592
wt,0.0
