log_likelihood,avg_log_likelihood,perplexity
-10.974939346313477,-1.3718674182891846,3.94270650738477
-14.729028701782227,-1.3390026092529297,3.8152363256499466
