log_likelihood,avg_log_likelihood,perplexity
-157.95655832488873,-0.6958438692726376,2.0054006560966977
