log_likelihood,avg_log_likelihood,perplexity
-152.68263154549328,-0.6726107116541554,1.9593459364437074
