log_likelihood,avg_log_likelihood,perplexity
-160.40367026665496,-0.706624098090991,2.027136281050105
