log_likelihood,avg_log_likelihood,perplexity
-156.34889411982567,-0.6887616481049589,1.9912481399002442
