log_likelihood,avg_log_likelihood,perplexity
-26.63503074645996,-2.6635031700134277,14.34645938873291
-24.402740478515625,-2.0335617065429688,7.64125394821167
